<?xml version="1.0"?>
<!--
Copyright 2006 The Apache Software Foundation.
 
Licensed under the Apache License, Version 2.0 (the "License");
you may not use this file except in compliance with the License.
You may obtain a copy of the License at

     http://www.apache.org/licenses/LICENSE-2.0

Unless required by applicable law or agreed to in writing, software
distributed under the License is distributed on an "AS IS" BASIS,
WITHOUT WARRANTIES OR CONDITIONS OF ANY KIND, either express or implied.
See the License for the specific language governing permissions and
limitations under the License.
-->
<document>
 <properties>
  <title>Release notes for 1.0</title>
  <author email="commons-dev@jakarta.apache.org">Commons Documentation Team</author>
 </properties>
<body>

<section name="Release notes">
<p>
These are the release notes for Commons-CLI version 1.0.
<source>
INTRODUCTION:

This document contains the release notes for this version of the Commons
CLI package. Commons CLI provides a simple API for working with the
command line arguments and options.

This is the first release of the CLI component, therefore all features are new, 
there are no bug-fixes, nothing is deprecated and there are no changes.

For more information, read the documentation on the project site at 
http://jakarta.apache.org/commons/cli/
</source>
</p>
</section>

</body>
</document>
