<?xml version="1.0" encoding="UTF-8"?>

<module name="commons-cli">
  <description>Commons CLI</description>
  <url href="http://jakarta.apache.org/commons/cli/">
  </url>
  <cvs module="jakarta-commons/cli" repository="jakarta">
  </cvs>
  <project name="commons-cli">
    <maven goal="jar">
      <property name="final.name" value="commons-cli-@@DATE@@">
      </property>
    </maven>
    <package>org.apache.commons.cli</package>
    <depend project="commons-lang">
    </depend>
    <depend project="jakarta-ant">
    </depend>
    <depend project="jdepend">
    </depend>
    <depend project="junit">
    </depend>
    <depend project="xml-xerces">
    </depend>
    <work nested="target/classes">
    </work>
    <home nested="target">
    </home>
    <jar name="commons-cli-@@DATE@@.jar">
    </jar>
    <javadoc module="jakarta-commons" nested="target/docs/apidocs">
    </javadoc>
    <nag to="commons-dev@jakarta.apache.org" from="commons-cli development &lt;commons-dev@jakarta.apache.org&gt;">
    </nag>
  </project>
</module>