<!--
Copyright 2002-2006 The Apache Software Foundation.

Licensed under the Apache License, Version 2.0 (the "License");
you may not use this file except in compliance with the License.
You may obtain a copy of the License at

     http://www.apache.org/licenses/LICENSE-2.0

Unless required by applicable law or agreed to in writing, software
distributed under the License is distributed on an "AS IS" BASIS,
WITHOUT WARRANTIES OR CONDITIONS OF ANY KIND, either express or implied.
See the License for the specific language governing permissions and
limitations under the License.
-->
<project default="jar:jar">

  <!-- Ensures that the conf directory and NOTICE.txt are included in the
       source distro.
   -->
  <postGoal name="dist:prepare-src-filesystem">
    <copy todir="${maven.dist.src.assembly.dir}">
      <fileset file="${basedir}/NOTICE.txt"/>
    </copy>
  </postGoal>

  <!-- Ensures that NOTICE.txt is added to the binary distro -->
  <preGoal name="dist:build-bin">
    <copy todir="${maven.dist.bin.assembly.dir}">
      <fileset file="${basedir}/NOTICE.txt"/>
    </copy>
  </preGoal>

  <postGoal name="test:test-resources">
    <echo>Moving test bundle.</echo>        
    <copy file="src/test/org/apache/commons/cli2/resource/TestBundle.properties"
            tofile="target/test-classes/org/apache/commons/cli2/resource/TestBundle.properties"/>      
  </postGoal>

 <preGoal name="dist:prepare-bin-filesystem">
   <attainGoal name="ant:generate-build"/>
 </preGoal>

 <preGoal name="dist:prepare-src-filesystem">
   <attainGoal name="ant:generate-build"/>
 </preGoal>

</project>
